DATABASE ACCESSION,SOURCE,LENGTH,MOL-TYPE,TOPOLOGY,DIVISION,SEQUENCE IN FASTA
PP101260,Ardisia silv.,375 bp,DNA,linear,PLN,>PP101260.1 Ardisia silvestris strain\nCGTCCCACAATGCGTCGCTCCCCCACTCACCCGAGGGGGAAGTGCCCAGCITGAMATCGTGCGGCTTCGGCCGTCCGAATTGTAGTCTG
PP587558,Salacia oblonga,384 bp,DNA,linear,PLN,>PP587558.1 Salacia oblonga isolate\nCCTCCTTATCAITTAGAGGAAGGAGAAGTCGTAACACCCGGATACAACCGATATCTCGGCTCTCGCATCGATGAAGAAACGTAGCGMAATGGGA
PP930983,Magnolia,373 bp,DNA,linear,PLN,>PP930983.1 Magnolia fordiana strain\nTCGAGGCCCGTCGAGCAGCGAGACCCGCGAACCGGTGACCCTAACGATTTTGGCGCGCGTGGCTCGGGGG
PP123456,Plant A,400 bp,DNA,linear,PLN,>PP123456.1 Plant A\nATCGATCGATCGATCGATCGATCGATCGATCGATCGATCGATCGATCGATCGATCGATCGATCGATCGATCGATCGATCGATCG
PP234567,Plant B,450 bp,DNA,linear,PLN,>PP234567.1 Plant B\nGCTAGCTAGCTAGCTAGCTAGCTAGCTAGCTAGCTAGCTAGCTAGCTAGCTAGCTAGCTAGCTAGCTAGCTAGCTAGCTAGC
PP345678,Plant C,380 bp,DNA,linear,PLN,>PP345678.1 Plant C\nCGTAGCTAGCTAGCTAGCTAGCTAGCTAGCTAGCTAGCTAGCTAGCTAGCTAGCTAGCTAGCTAGCTAGCTAGCTAGC
PP456789,Plant D,390 bp,DNA,linear,PLN,>PP456789.1 Plant D\nATCGATCGATCGATCGATCGATCGATCGATCGATCGATCGATCGATCGATCGATCGATCGATCGATCGATCGATCG
PP567890,Plant E,370 bp,DNA,linear,PLN,>PP567890.1 Plant E\nGCTAGCTAGCTAGCTAGCTAGCTAGCTAGCTAGCTAGCTAGCTAGCTAGCTAGCTAGCTAGCTAGCTAGCTAGCTAGC
PP678901,Plant F,365 bp,DNA,linear,PLN,>PP678901.1 Plant F\nCGTAGCTAGCTAGCTAGCTAGCTAGCTAGCTAGCTAGCTAGCTAGCTAGCTAGCTAGCTAGCTAGCTAGCTAGCTAGC
PP789012,Plant G,420 bp,DNA,linear,PLN,>PP789012.1 Plant G\nATCGATCGATCGATCGATCGATCGATCGATCGATCGATCGATCGATCGATCGATCGATCGATCGATCGATCGATCG
PP890123,Plant H,410 bp,DNA,linear,PLN,>PP890123.1 Plant H\nGCTAGCTAGCTAGCTAGCTAGCTAGCTAGCTAGCTAGCTAGCTAGCTAGCTAGCTAGCTAGCTAGCTAGCTAGCTAGC
PP901234,Plant I,375 bp,DNA,linear,PLN,>PP901234.1 Plant I\nCGTAGCTAGCTAGCTAGCTAGCTAGCTAGCTAGCTAGCTAGCTAGCTAGCTAGCTAGCTAGCTAGCTAGCTAGCTAGC
PP012345,Plant J,395 bp,DNA,linear,PLN,>PP012345.1 Plant J\nATCGATCGATCGATCGATCGATCGATCGATCGATCGATCGATCGATCGATCGATCGATCGATCGATCGATCGATCG
PP123456,Plant K,405 bp,DNA,linear,PLN,>PP123456.1 Plant K\nGCTAGCTAGCTAGCTAGCTAGCTAGCTAGCTAGCTAGCTAGCTAGCTAGCTAGCTAGCTAGCTAGCTAGCTAGCTAGC
PP234567,Plant L,380 bp,DNA,linear,PLN,>PP234567.1 Plant L\nCGTAGCTAGCTAGCTAGCTAGCTAGCTAGCTAGCTAGCTAGCTAGCTAGCTAGCTAGCTAGCTAGCTAGCTAGCTAGC
PP345678,Plant M,390 bp,DNA,linear,PLN,>PP345678.1 Plant M\nATCGATCGATCGATCGATCGATCGATCGATCGATCGATCGATCGATCGATCGATCGATCGATCGATCGATCGATCG
PP456789,Plant N,370 bp,DNA,linear,PLN,>PP456789.1 Plant N\nGCTAGCTAGCTAGCTAGCTAGCTAGCTAGCTAGCTAGCTAGCTAGCTAGCTAGCTAGCTAGCTAGCTAGCTAGCTAGC
PP567890,Plant O,360 bp,DNA,linear,PLN,>PP567890.1 Plant O\nCGTAGCTAGCTAGCTAGCTAGCTAGCTAGCTAGCTAGCTAGCTAGCTAGCTAGCTAGCTAGCTAGCTAGCTAGCTAGC
PP678901,Plant P,355 bp,DNA,linear,PLN,>PP678901.1 Plant P\nATCGATCGATCGATCGATCGATCGATCGATCGATCGATCGATCGATCGATCGATCGATCGATCGATCGATCGATCG
PP789012,Plant Q,400 bp,DNA,linear,PLN,>PP789012.1 Plant Q\nGCTAGCTAGCTAGCTAGCTAGCTAGCTAGCTAGCTAGCTAGCTAGCTAGCTAGCTAGCTAGCTAGCTAGCTAGCTAGC
PP890123,Plant R,415 bp,DNA,linear,PLN,>PP890123.1 Plant R\nCGTAGCTAGCTAGCTAGCTAGCTAGCTAGCTAGCTAGCTAGCTAGCTAGCTAGCTAGCTAGCTAGCTAGCTAGCTAGC
